{"stats":{"minecraft:crafted":{"minecraft:oak_planks":12,"minecraft:crafting_table":1,"minecraft:stick":8,"minecraft:wooden_pickaxe":1,"minecraft:stone_pickaxe":1,"minecraft:stone_axe":1},"minecraft:used":{"minecraft:stone_pickaxe":6,"minecraft:wooden_pickaxe":4,"minecraft:stone_axe":19,"minecraft:dirt":3,"minecraft:cobblestone":1,"minecraft:crafting_table":1,"minecraft:experience_bottle":4},"minecraft:custom":{"minecraft:time_since_rest":26047,"minecraft:sprint_one_cm":30665,"minecraft:damage_taken":90,"minecraft:walk_one_cm":17636,"minecraft:mob_kills":3,"minecraft:damage_dealt":522,"minecraft:swim_one_cm":1476,"minecraft:interact_with_crafting_table":4,"minecraft:fly_one_cm":34181,"minecraft:crouch_one_cm":622,"minecraft:play_time":26047,"minecraft:sneak_time":360,"minecraft:walk_under_water_one_cm":149,"minecraft:jump":154,"minecraft:leave_game":3,"minecraft:walk_on_water_one_cm":695,"minecraft:time_since_death":26047,"minecraft:total_world_time":26047,"minecraft:fall_one_cm":2728},"minecraft:mined":{"minecraft:birch_log":7,"minecraft:birch_leaves":2,"minecraft:crafting_table":1,"minecraft:grass":5,"minecraft:grass_block":5,"minecraft:oak_log":6,"minecraft:dirt":4,"minecraft:cobblestone":1,"minecraft:stone":7},"minecraft:killed":{"minecraft:skeleton":1,"minecraft:spider":2},"minecraft:picked_up":{"minecraft:birch_log":7,"minecraft:stick":3,"minecraft:crafting_table":1,"minecraft:oak_log":6,"minecraft:string":3,"minecraft:dirt":9,"minecraft:arrow":2,"minecraft:bone":1,"minecraft:oak_sapling":1,"minecraft:birch_sapling":3,"minecraft:cobblestone":8}},"DataVersion":3465}