{"stats":{"minecraft:picked_up":{"minecraft:iron_chestplate":1,"minecraft:yellow_wool":16,"minecraft:diamond_sword":2,"solarcraft:ancient_fragment":2,"minecraft:potion":5,"minecraft:raw_copper":224,"minecraft:string":22,"minecraft:iron_leggings":1,"minecraft:cobbled_deepslate":163,"minecraft:bucket":1,"minecraft:spruce_planks":2,"toughasnails:leaf_boots":1,"hangglider:hang_glider":1,"minecraft:furnace":4,"illagerrevolutionmod:raker_claw":2,"minecraft:iron_boots":1,"minecraft:stick":15,"minecraft:torch":14,"minecraft:porkchop":9,"minecraft:pointed_dripstone":10,"minecraft:diorite":2,"minecraft:cactus":9,"friendsandfoes:crab_claw":2,"minecraft:stone_sword":4,"minecraft:rotten_flesh":11,"medieval_craft_weapons:mighty_stick":1,"minecraft:blaze_rod":1,"minecraft:obsidian":22,"minecraft:cobblestone":146,"minecraft:birch_log":19,"minecraft:pink_petals":4,"minecraft:dirt":60,"minecraft:pink_concrete_powder":1,"solarcraft:energy_dust":24,"minecraft:bone":6,"minecraft:wheat_seeds":18,"minecraft:raw_gold":18,"solarcraft:empty_crystal":9,"minecraft:stone_hoe":1,"resource_cracker:nugget_diamond":5,"medieval_craft_weapons:sword_1":1,"minecraft:dead_bush":1101,"minecraft:diamond":24,"chancecubes:chance_cube":1,"minecraft:crossbow":1,"knightquest:small_essence":3,"minecraft:granite":9,"minecraft:golden_apple":1,"minecraft:emerald":2,"minecraft:oak_sapling":9,"minecraft:netherrack":4,"minecraft:oak_leaves":66,"minecraft:diamond_pickaxe":1,"minecraft:crafting_table":7,"minecraft:chicken":1,"minecraft:gold_block":1,"gravestone:obituary":6,"minecraft:shield":1,"minecraft:cornflower":3,"minecraft:iron_axe":1,"improvableskills:scroll_normal":1,"minecraft:beef":33,"minecraft:player_head":3,"minecraft:sugar_cane":4,"minecraft:chest":4,"minecraft:birch_sapling":7,"solarcraft:solar_lexicon":1,"resource_cracker:nugget_copper":4,"minecraft:raw_iron":30,"illagerrevolutionmod:junk_axe":1,"solarcraft:chiseled_solar_stone":1,"medieval_craft_weapons:titanite_nugget_1":1,"resource_cracker:garlic":2,"minecraft:redstone":59,"minecraft:arrow":8,"minecraft:saddle":1,"minecraft:mutton":29,"minecraft:white_wool":18,"minecraft:oxeye_daisy":29,"minecraft:glow_ink_sac":2,"minecraft:leather":23,"solarcraft:solar_stone_collumn":1,"minecraft:oak_log":39,"illagerrevolutionmod:scrounger_feather":8,"minecraft:white_banner":3,"minecraft:red_carpet":54,"minecraft:apple":2,"minecraft:iron_ingot":3,"minecraft:glass_bottle":12,"minecraft:iron_sword":1,"minecraft:book":18,"toughasnails:leaf_chestplate":1,"minecraft:smooth_basalt":1,"minecraft:stone_brick_slab":1,"minecraft:dandelion":19,"goblins_tyranny:goblins_tyranny_guide":1,"minecraft:blast_furnace":2,"minecraft:white_bed":9,"minecraft:spider_eye":2,"solarcraft:solar_rune_ultima":2,"goblins_tyranny:mushroom_pad":1,"goblins_tyranny:coin":2,"solarcraft:void_dust":30,"minecraft:iron_helmet":2,"vanillaplustools:stone_hammer":1,"minecraft:gray_wool":2,"minecraft:black_wool":1,"minecraft:coal":226,"minecraft:sunflower":2},"minecraft:custom":{"minecraft:interact_with_crafting_table":51,"minecraft:open_barrel":7,"minecraft:leave_game":7,"minecraft:time_since_death":8272,"minecraft:sprint_one_cm":614865,"minecraft:damage_blocked_by_shield":570,"minecraft:drop":135,"minecraft:talked_to_villager":2,"minecraft:play_time":229291,"minecraft:deaths":21,"minecraft:jump":4652,"minecraft:walk_on_water_one_cm":31369,"minecraft:interact_with_furnace":57,"minecraft:sleep_in_bed":10,"minecraft:damage_dealt":19834,"minecraft:crouch_one_cm":12070,"minecraft:interact_with_smoker":2,"minecraft:mob_kills":118,"minecraft:climb_one_cm":5672,"minecraft:opened_chance_cube":25,"minecraft:walk_one_cm":330789,"minecraft:raid_win":1,"minecraft:sneak_time":6500,"minecraft:walk_under_water_one_cm":13686,"minecraft:interact_with_blast_furnace":3,"minecraft:total_world_time":229291,"minecraft:raid_trigger":1,"minecraft:time_since_rest":8296,"minecraft:damage_taken":5731,"minecraft:swim_one_cm":22740,"minecraft:fly_one_cm":1368792,"minecraft:open_chest":77,"minecraft:fall_one_cm":108416},"minecraft:broken":{"toughasnails:leaf_boots":1,"toughasnails:leaf_chestplate":1,"toughasnails:leaf_leggings":1,"toughasnails:water_canteen":4,"minecraft:leather_boots":1},"minecraft:mined":{"minecraft:spruce_planks":1,"minecraft:white_bed":9,"minecraft:obsidian":22,"minecraft:granite":9,"minecraft:grass_block":14,"minecraft:iron_ore":21,"minecraft:cobbled_deepslate":3,"minecraft:fire":5,"minecraft:pointed_dripstone":4,"minecraft:spruce_slab":1,"minecraft:deepslate_redstone_ore":13,"solarcraft:void_lily":7,"minecraft:torch":5,"minecraft:blast_furnace":1,"minecraft:chest":1,"minecraft:cobblestone":1,"minecraft:sugar_cane":3,"minecraft:wall_torch":9,"solarcraft:chiseled_solar_stone":1,"minecraft:pink_petals":1,"minecraft:birch_log":19,"minecraft:grass":120,"minecraft:oak_log":39,"minecraft:dirt":5,"minecraft:smooth_basalt":1,"minecraft:oak_leaves":65,"minecraft:deepslate":243,"minecraft:red_carpet":18,"minecraft:deepslate_diamond_ore":16,"minecraft:candle":1,"solarcraft:crystal":5,"goblins_tyranny:mushroom_pad":1,"gravestone:gravestone":16,"goblins_tyranny:coins_1":1,"minecraft:furnace":5,"minecraft:gold_block":1,"minecraft:bookshelf":6,"minecraft:deepslate_iron_ore":9,"minecraft:stone":144,"minecraft:stone_brick_slab":1,"minecraft:pink_concrete_powder":1,"minecraft:crafting_table":7,"minecraft:cornflower":1,"solarcraft:solar_stone_collumn":1,"minecraft:tall_grass":3,"minecraft:copper_ore":66,"minecraft:deepslate_gold_ore":17,"minecraft:diorite":2,"minecraft:cactus":5,"solarcraft:solar_flower":5,"minecraft:birch_leaves":3,"minecraft:coal_ore":87,"minecraft:cobweb":9},"minecraft:killed_by":{"minecraft:creeper":2,"minecraft:pillager":1,"minecraft:ravager":1,"illagerrevolutionmod:illager_beast_tamer":1,"medieval_craft_weapons:archer":2,"illagerrevolutionmod:scrounger":1,"minecraft:cave_spider":3,"medieval_craft_weapons:soldier":1},"minecraft:crafted":{"minecraft:oak_planks":96,"minecraft:cobblestone_slab":12,"hangglider:hang_glider":1,"usefulbackpacks:backpack_small":1,"toughasnails:leaf_leggings":1,"minecraft:cooked_mutton":20,"minecraft:diamond_helmet":1,"minecraft:chest":5,"minecraft:oak_button":1,"minecraft:stone_hoe":1,"toughasnails:leaf_boots":1,"minecraft:cooked_porkchop":6,"minecraft:diamond_axe":1,"minecraft:crafting_table":6,"minecraft:wooden_pickaxe":1,"minecraft:iron_helmet":1,"minecraft:birch_planks":52,"minecraft:diamond_pickaxe":1,"minecraft:shield":2,"minecraft:stick":48,"minecraft:iron_ingot":25,"minecraft:iron_pickaxe":1,"minecraft:stone_sword":1,"minecraft:gold_ingot":9,"minecraft:shears":1,"toughasnails:empty_canteen":1,"hangglider:glider_framework":1,"vanillaplustools:stone_hammer":1,"minecraft:furnace":8,"hangglider:glider_wing":2,"minecraft:iron_axe":1,"minecraft:stone_pickaxe":10,"medieval_craft_weapons:mighty_stick":1,"minecraft:cooked_beef":19,"ironchest:wood_to_iron_chest_upgrade":1,"toughasnails:leaf_chestplate":2,"minecraft:enchanting_table":1,"minecraft:cooked_salmon":3,"minecraft:bucket":1,"minecraft:stone_axe":1,"minecraft:air":0,"minecraft:white_bed":1,"minecraft:torch":68},"minecraft:killed":{"illagerrevolutionmod:illager_scavenger":3,"minecraft:cave_spider":6,"minecraft:witch":1,"minecraft:spider":3,"medieval_craft_weapons:knight":1,"goblins_tyranny:merchant":1,"minecraft:skeleton":6,"medieval_craft_weapons:soldier":1,"minecraft:chicken":1,"minecraft:pig":5,"minecraft:zombie_villager":2,"solarcraft:solar_master_villager":1,"illagerrevolutionmod:scrounger":4,"minecraft:sheep":21,"minecraft:pillager":8,"friendsandfoes:crab":1,"minecraft:goat":1,"minecraft:donkey":1,"minecraft:zombie":9,"illagerrevolutionmod:raker":1,"minecraft:blaze":2,"minecraft:cow":9,"medieval_craft_weapons:heavyknight":2,"minecraft:vindicator":2,"medieval_craft_weapons:archer":2,"minecraft:horse":2,"friendsandfoes:mauler":3,"goblins_tyranny:wanderer_goblin":1,"minecraft:ravager":1,"knightquest:lizzy":1,"friendsandfoes:moobloom":13},"minecraft:used":{"minecraft:chest":3,"minecraft:shield":16,"minecraft:iron_sword":154,"medieval_craft_weapons:mighty_stick":7,"minecraft:player_head":1,"minecraft:iron_chestplate":2,"minecraft:mutton":5,"resource_cracker:garlic":1,"chancecubes:chance_cube":11,"minecraft:iron_helmet":2,"solarcraft:solar_stone_collumn":1,"solarcraft:chiseled_solar_stone":1,"minecraft:furnace":11,"minecraft:pink_concrete_powder":1,"goblins_tyranny:goblins_tyranny_guide":1,"minecraft:stone_pickaxe":91,"minecraft:wooden_pickaxe":4,"minecraft:diamond_axe":21,"toughasnails:water_canteen":39,"minecraft:oak_leaves":2,"minecraft:blast_furnace":1,"minecraft:shears":59,"minecraft:air":6,"minecraft:experience_bottle":4,"ironchest:wood_to_iron_chest_upgrade":1,"minecraft:enchanting_table":1,"minecraft:stone_sword":98,"minecraft:flint_and_steel":14,"medieval_craft_weapons:sword_1":20,"vanillaplustools:stone_hammer":25,"minecraft:cooked_salmon":3,"minecraft:stone_hoe":6,"minecraft:netherrack":4,"minecraft:torch":81,"minecraft:dirt":22,"toughasnails:empty_canteen":5,"minecraft:diamond_helmet":1,"minecraft:granite":9,"minecraft:stone_brick_slab":1,"minecraft:iron_axe":98,"minecraft:iron_boots":1,"minecraft:smooth_basalt":1,"minecraft:beef":3,"illagerrevolutionmod:junk_axe":5,"minecraft:cooked_beef":19,"minecraft:cobbled_deepslate":137,"minecraft:iron_leggings":1,"minecraft:cooked_mutton":18,"minecraft:water_bucket":28,"minecraft:birch_planks":24,"minecraft:glass_bottle":41,"minecraft:leather_boots":1,"minecraft:crafting_table":13,"minecraft:white_bed":10,"goblins_tyranny:coin":1,"minecraft:oak_log":1,"minecraft:diamond_pickaxe":409,"minecraft:cornflower":1,"minecraft:oak_button":1,"minecraft:iron_pickaxe":13,"toughasnails:leaf_chestplate":1,"minecraft:stone_axe":28,"minecraft:pink_petals":4,"minecraft:cobblestone":26,"minecraft:potion":42,"minecraft:cooked_porkchop":6,"minecraft:white_banner":1,"minecraft:porkchop":3,"minecraft:bucket":28,"minecraft:gray_wool":2},"minecraft:dropped":{"minecraft:birch_planks":1,"minecraft:glass_bottle":9,"minecraft:leather":2,"resource_cracker:garlic":1,"minecraft:emerald":1,"minecraft:red_carpet":18,"minecraft:dirt":5,"gravestone:obituary":20,"minecraft:sunflower":2,"minecraft:iron_pickaxe":1,"minecraft:bone":4,"minecraft:cobbled_deepslate":10,"minecraft:birch_sapling":6,"minecraft:yellow_wool":16,"minecraft:pointed_dripstone":10,"minecraft:rotten_flesh":6,"minecraft:oak_planks":1,"vanillaplustools:stone_hammer":1,"minecraft:arrow":4,"minecraft:beef":2,"solarcraft:solar_lexicon":1,"minecraft:oak_leaves":2,"minecraft:wheat_seeds":4,"friendsandfoes:crab_claw":1,"minecraft:cobblestone":3,"minecraft:diorite":2,"minecraft:torch":1,"minecraft:dead_bush":3162,"minecraft:string":10,"resource_cracker:nugget_copper":4,"minecraft:player_head":1,"minecraft:stone_sword":4,"minecraft:raw_copper":35,"minecraft:chicken":1,"medieval_craft_weapons:mighty_stick":2,"minecraft:oak_sapling":1,"minecraft:spider_eye":2,"minecraft:stone_pickaxe":1,"minecraft:wooden_pickaxe":1,"minecraft:raw_gold":2,"minecraft:black_wool":1}},"DataVersion":3465}