{"stats":{"minecraft:crafted":{"minecraft:oak_planks":204,"minecraft:cobblestone_slab":12,"minecraft:barrel":1,"hangglider:hang_glider":1,"usefulbackpacks:backpack_small":1,"toughasnails:leaf_leggings":1,"minecraft:cooked_mutton":25,"minecraft:green_dye":2,"minecraft:glass":15,"minecraft:diamond_helmet":1,"minecraft:chest":5,"minecraft:oak_button":1,"minecraft:stone_hoe":1,"minecraft:smoker":1,"minecraft:oak_slab":6,"toughasnails:leaf_boots":1,"toughasnails:rain_collector":1,"minecraft:cooked_porkchop":6,"minecraft:diamond_axe":1,"minecraft:crafting_table":6,"minecraft:wooden_pickaxe":1,"minecraft:iron_helmet":1,"minecraft:copper_ingot":64,"minecraft:gold_block":1,"minecraft:birch_planks":52,"solarcraft:runic_planks":12,"minecraft:diamond_pickaxe":1,"minecraft:charcoal":9,"toughasnails:water_purifier":1,"minecraft:shield":2,"minecraft:stick":72,"solarcraft:runic_slab":6,"minecraft:iron_ingot":127,"minecraft:iron_pickaxe":1,"minecraft:stone_sword":1,"minecraft:gold_ingot":25,"minecraft:shears":1,"toughasnails:empty_canteen":1,"hangglider:glider_framework":1,"vanillaplustools:stone_hammer":1,"minecraft:furnace":8,"hangglider:glider_wing":2,"minecraft:oak_trapdoor":2,"minecraft:flint_and_steel":1,"minecraft:iron_axe":1,"minecraft:stone_pickaxe":10,"medieval_craft_weapons:mighty_stick":1,"minecraft:cooked_beef":31,"ironchest:wood_to_iron_chest_upgrade":1,"toughasnails:leaf_chestplate":2,"solarcraft:runic_table":1,"minecraft:enchanting_table":1,"ironfurnaces:upgrade_iron":1,"minecraft:cooked_salmon":3,"minecraft:bucket":2,"betterskills:wateringcan":1,"minecraft:stone_axe":1,"minecraft:glowstone":33,"minecraft:air":0,"ironfurnaces:upgrade_gold":1,"ironchest:iron_to_gold_chest_upgrade":2,"minecraft:white_wool":1,"minecraft:white_bed":1,"ironfurnaces:upgrade_diamond":1,"minecraft:torch":172},"minecraft:custom":{"minecraft:interact_with_crafting_table":77,"minecraft:open_barrel":11,"minecraft:leave_game":13,"minecraft:time_since_death":34458,"minecraft:sprint_one_cm":996738,"minecraft:damage_blocked_by_shield":1770,"minecraft:drop":204,"minecraft:talked_to_villager":2,"minecraft:play_time":406273,"minecraft:deaths":30,"minecraft:jump":7102,"minecraft:walk_on_water_one_cm":47774,"minecraft:interact_with_furnace":94,"minecraft:sleep_in_bed":19,"minecraft:damage_dealt":33663,"minecraft:crouch_one_cm":28051,"minecraft:interact_with_smoker":16,"minecraft:use_cauldron":1,"minecraft:mob_kills":214,"minecraft:fill_cauldron":1,"minecraft:climb_one_cm":13196,"minecraft:opened_chance_cube":68,"minecraft:walk_one_cm":588332,"minecraft:raid_win":1,"minecraft:sneak_time":13435,"minecraft:walk_under_water_one_cm":24283,"minecraft:interact_with_blast_furnace":18,"minecraft:total_world_time":406273,"minecraft:raid_trigger":2,"minecraft:interact_with_stonecutter":1,"minecraft:time_since_rest":34483,"minecraft:damage_taken":8866,"minecraft:swim_one_cm":100150,"minecraft:fly_one_cm":2121413,"minecraft:open_chest":238,"minecraft:fall_one_cm":171724},"minecraft:dropped":{"minecraft:iron_sword":1,"minecraft:birch_planks":1,"minecraft:oak_log":41,"minecraft:glass_bottle":9,"minecraft:diamond":1,"minecraft:rooted_dirt":296,"minecraft:leather":3,"resource_cracker:garlic":1,"minecraft:red_carpet":18,"minecraft:emerald":3,"minecraft:dirt":5,"minecraft:redstone_lamp":3,"minecraft:melon":1,"minecraft:red_bed":3,"gravestone:obituary":30,"minecraft:sunflower":2,"minecraft:iron_pickaxe":1,"minecraft:white_wool":1,"minecraft:gold_ingot":1,"minecraft:bone":4,"minecraft:spyglass":1,"minecraft:cobbled_deepslate":10,"minecraft:birch_sapling":10,"minecraft:yellow_wool":16,"minecraft:pointed_dripstone":10,"minecraft:rotten_flesh":13,"minecraft:oak_planks":8,"minecraft:glowstone_dust":3,"minecraft:gunpowder":2,"vanillaplustools:stone_hammer":1,"minecraft:arrow":4,"minecraft:beef":2,"minecraft:warped_wart_block":85,"solarcraft:solar_lexicon":8,"minecraft:oak_leaves":2,"minecraft:firework_rocket":2,"minecraft:oak_slab":2,"minecraft:wheat_seeds":5,"friendsandfoes:crab_claw":1,"resource_cracker:material_dust_saltpeter":1,"minecraft:oak_fence":10,"minecraft:cobblestone":5,"minecraft:coal":1,"minecraft:stick":4,"minecraft:oxeye_daisy":2,"minecraft:diorite":2,"minecraft:torch":1,"solarcraft:empty_crystal":3,"minecraft:dead_bush":3162,"minecraft:string":10,"minecraft:redstone":33,"resource_cracker:nugget_copper":7,"minecraft:player_head":1,"minecraft:stone_sword":4,"minecraft:raw_copper":35,"minecraft:chicken":1,"medieval_craft_weapons:mighty_stick":2,"minecraft:oak_sapling":1,"minecraft:redstone_torch":3,"minecraft:spider_eye":2,"minecraft:slime_ball":2,"minecraft:stone_pickaxe":1,"minecraft:wooden_pickaxe":1,"minecraft:raw_gold":2,"minecraft:black_wool":2},"minecraft:picked_up":{"minecraft:iron_chestplate":1,"minecraft:birch_door":3,"resource_cracker:material_dust_saltpeter":1,"minecraft:yellow_wool":16,"resource_cracker:nugget_emerald":1,"minecraft:diamond_sword":2,"solarcraft:ancient_fragment":3,"minecraft:potion":5,"minecraft:string":286,"minecraft:raw_copper":224,"minecraft:iron_leggings":1,"minecraft:cobbled_deepslate":167,"minecraft:comparator":3,"minecraft:bucket":1,"minecraft:spruce_planks":2,"toughasnails:leaf_boots":1,"minecraft:redstone_torch":3,"hangglider:hang_glider":1,"illagerrevolutionmod:raker_claw":2,"minecraft:iron_boots":1,"minecraft:furnace":8,"minecraft:stick":36,"minecraft:oak_fence":37,"minecraft:torch":103,"minecraft:snow_block":2,"minecraft:porkchop":9,"solarcraft:runic_tree_sapling":7,"minecraft:pointed_dripstone":10,"minecraft:diorite":2,"minecraft:cauldron":2,"friendsandfoes:crab_claw":2,"minecraft:stone_sword":4,"minecraft:cactus":9,"minecraft:rotten_flesh":28,"medieval_craft_weapons:mighty_stick":1,"minecraft:cow_spawn_egg":1,"minecraft:blaze_rod":1,"minecraft:obsidian":22,"minecraft:cobblestone":299,"minecraft:birch_log":36,"minecraft:enchanting_table":2,"minecraft:pink_petals":4,"minecraft:cooked_beef":2,"minecraft:repeater":3,"minecraft:smoker":1,"minecraft:flint":12,"minecraft:pink_concrete_powder":1,"minecraft:dirt":73,"solarcraft:energy_dust":24,"minecraft:bone":17,"minecraft:wheat_seeds":34,"minecraft:raw_gold":18,"minecraft:bell":2,"minecraft:fletching_table":1,"minecraft:glowstone_dust":135,"solarcraft:empty_crystal":12,"minecraft:stone_hoe":1,"medieval_craft_weapons:sword_1":1,"resource_cracker:nugget_diamond":9,"minecraft:sheep_spawn_egg":1,"minecraft:pig_spawn_egg":1,"minecraft:warped_wart_block":85,"minecraft:sand":131,"minecraft:dead_bush":1101,"minecraft:loom":2,"minecraft:polished_andesite":1,"toughasnails:water_purifier":1,"minecraft:diamond":25,"chancecubes:chance_cube":4,"solarcraft:runic_table":1,"minecraft:crossbow":1,"minecraft:granite":9,"minecraft:golden_apple":1,"minecraft:emerald":9,"minecraft:rooted_dirt":372,"solarcraft:runic_log":11,"minecraft:jack_o_lantern":1,"minecraft:oak_sapling":23,"minecraft:netherrack":4,"minecraft:oak_leaves":66,"minecraft:diamond_pickaxe":1,"minecraft:crafting_table":8,"minecraft:chicken":1,"minecraft:redstone_lamp":3,"minecraft:gold_block":1,"gravestone:obituary":8,"minecraft:shield":1,"minecraft:cornflower":3,"minecraft:red_bed":16,"minecraft:moss_carpet":3,"minecraft:iron_axe":1,"improvableskills:scroll_normal":2,"minecraft:beef":39,"minecraft:player_head":3,"ironfurnaces:diamond_furnace":1,"minecraft:chest":8,"minecraft:sugar_cane":4,"minecraft:birch_sapling":11,"resource_cracker:material_dust_diamond":1,"solarcraft:solar_lexicon":1,"resource_cracker:nugget_copper":10,"minecraft:raw_iron":137,"minecraft:sandstone":63,"illagerrevolutionmod:junk_axe":1,"solarcraft:chiseled_solar_stone":1,"minecraft:copper_ingot":64,"medieval_craft_weapons:titanite_nugget_1":3,"resource_cracker:garlic":6,"minecraft:carrot":1,"minecraft:redstone":124,"minecraft:dark_oak_planks":1,"minecraft:arrow":31,"minecraft:diamond_boots":1,"minecraft:saddle":1,"minecraft:gold_ingot":1,"minecraft:glow_berries":1,"minecraft:mutton":31,"minecraft:white_wool":20,"minecraft:oxeye_daisy":31,"minecraft:glow_ink_sac":2,"minecraft:leather":24,"solarcraft:solar_stone_collumn":1,"minecraft:oak_log":130,"illagerrevolutionmod:scrounger_feather":8,"minecraft:gunpowder":4,"minecraft:white_banner":4,"minecraft:red_carpet":54,"minecraft:apple":4,"minecraft:iron_ingot":4,"minecraft:glass_bottle":12,"minecraft:iron_sword":1,"minecraft:flowering_azalea":1,"minecraft:book":183,"toughasnails:leaf_chestplate":1,"minecraft:oak_slab":5,"minecraft:smooth_basalt":1,"minecraft:stone_brick_slab":1,"minecraft:dandelion":21,"minecraft:gravel":63,"goblins_tyranny:goblins_tyranny_guide":1,"minecraft:blast_furnace":3,"minecraft:white_bed":11,"minecraft:spider_eye":6,"solarcraft:solar_rune_ultima":2,"minecraft:firework_rocket":2,"goblins_tyranny:mushroom_pad":1,"minecraft:slime_ball":9,"goblins_tyranny:coin":2,"solarcraft:void_dust":30,"minecraft:iron_helmet":2,"vanillaplustools:stone_hammer":1,"minecraft:gray_wool":2,"minecraft:black_wool":2,"minecraft:smooth_quartz_slab":1,"minecraft:coal":542,"minecraft:sunflower":2},"minecraft:killed":{"illagerrevolutionmod:illager_scavenger":3,"minecraft:cave_spider":6,"minecraft:witch":2,"minecraft:spider":9,"medieval_craft_weapons:knight":1,"goblins_tyranny:merchant":1,"minecraft:skeleton":24,"medieval_craft_weapons:soldier":1,"minecraft:chicken":1,"minecraft:silverfish":18,"minecraft:pig":5,"minecraft:zombie_villager":2,"solarcraft:solar_master_villager":1,"minecraft:creeper":4,"minecraft:sheep":22,"illagerrevolutionmod:scrounger":4,"mowziesmobs:lantern":1,"friendsandfoes:crab":1,"minecraft:pillager":13,"minecraft:goat":4,"minecraft:donkey":1,"minecraft:zombie":27,"minecraft:mooshroom":1,"illagerrevolutionmod:raker":1,"minecraft:cow":9,"minecraft:blaze":2,"medieval_craft_weapons:heavyknight":2,"minecraft:vindicator":3,"medieval_craft_weapons:archer":2,"minecraft:slime":16,"minecraft:horse":2,"friendsandfoes:mauler":3,"goblins_tyranny:wanderer_goblin":1,"minecraft:ravager":1,"friendsandfoes:moobloom":15,"minecraft:enderman":1},"minecraft:broken":{"toughasnails:leaf_boots":1,"toughasnails:leaf_chestplate":1,"minecraft:iron_sword":1,"toughasnails:leaf_leggings":1,"toughasnails:water_canteen":11,"minecraft:leather_boots":1},"minecraft:killed_by":{"minecraft:creeper":3,"minecraft:pillager":1,"minecraft:ravager":1,"illagerrevolutionmod:illager_beast_tamer":1,"medieval_craft_weapons:archer":2,"illagerrevolutionmod:scrounger":1,"minecraft:cave_spider":3,"medieval_craft_weapons:soldier":1,"minecraft:slime":1},"minecraft:used":{"minecraft:jack_o_lantern":1,"minecraft:smooth_quartz_slab":1,"minecraft:chest":3,"minecraft:shield":46,"minecraft:iron_sword":254,"medieval_craft_weapons:mighty_stick":7,"minecraft:bell":2,"minecraft:player_head":1,"minecraft:rotten_flesh":3,"minecraft:iron_chestplate":2,"minecraft:mutton":6,"minecraft:obsidian":16,"resource_cracker:garlic":6,"chancecubes:chance_cube":40,"minecraft:grass_block":20,"minecraft:iron_helmet":2,"solarcraft:solar_stone_collumn":1,"solarcraft:chiseled_solar_stone":1,"betterskills:wateringcan":59,"minecraft:furnace":14,"minecraft:pink_concrete_powder":1,"goblins_tyranny:goblins_tyranny_guide":1,"minecraft:cow_spawn_egg":1,"minecraft:stripped_birch_log":9,"minecraft:oak_planks":78,"minecraft:stone_pickaxe":91,"minecraft:cactus":1,"minecraft:wooden_pickaxe":4,"minecraft:sandstone":63,"minecraft:diamond_axe":316,"toughasnails:water_canteen":76,"minecraft:oak_leaves":2,"minecraft:white_wool":2,"minecraft:glow_berries":1,"minecraft:sand":3,"solarcraft:runic_table":2,"minecraft:blast_furnace":2,"minecraft:shears":59,"easy_villagers:villager":3,"minecraft:bread":3,"ironchest:iron_to_gold_chest_upgrade":2,"minecraft:air":6,"minecraft:experience_bottle":4,"minecraft:oak_fence":27,"ironchest:wood_to_iron_chest_upgrade":1,"minecraft:enchanting_table":2,"minecraft:stone_sword":98,"minecraft:flint_and_steel":15,"toughasnails:water_purifier":2,"medieval_craft_weapons:sword_1":20,"vanillaplustools:stone_hammer":25,"minecraft:cooked_salmon":3,"minecraft:stone_hoe":6,"minecraft:netherrack":4,"minecraft:torch":252,"minecraft:dirt":34,"minecraft:spyglass":16,"ironfurnaces:diamond_furnace":1,"toughasnails:empty_canteen":12,"minecraft:diamond_helmet":1,"minecraft:cod_bucket":1,"minecraft:granite":9,"minecraft:stone_brick_slab":1,"minecraft:dark_oak_planks":1,"minecraft:flowering_azalea":1,"minecraft:iron_axe":98,"minecraft:rooted_dirt":76,"minecraft:iron_boots":1,"minecraft:smooth_basalt":1,"minecraft:beef":4,"illagerrevolutionmod:junk_axe":5,"minecraft:cooked_beef":33,"minecraft:cobbled_deepslate":141,"solarcraft:runic_tree_sapling":7,"minecraft:iron_leggings":1,"minecraft:cooked_mutton":25,"minecraft:water_bucket":45,"minecraft:snow_block":2,"minecraft:birch_planks":24,"minecraft:glass_bottle":43,"minecraft:polished_andesite":1,"minecraft:cauldron":1,"minecraft:sheep_spawn_egg":1,"minecraft:leather_boots":1,"minecraft:oak_slab":11,"minecraft:crafting_table":14,"minecraft:red_bed":5,"toughasnails:rain_collector":1,"minecraft:white_bed":12,"goblins_tyranny:coin":1,"minecraft:smoker":2,"minecraft:oak_log":1,"minecraft:diamond_pickaxe":1242,"minecraft:cornflower":1,"minecraft:apple":5,"minecraft:iron_pickaxe":13,"minecraft:oak_button":1,"minecraft:pig_spawn_egg":1,"toughasnails:leaf_chestplate":1,"minecraft:stone_axe":28,"minecraft:pink_petals":4,"minecraft:cobblestone":72,"minecraft:potion":42,"toughasnails:purified_water_bottle":5,"minecraft:porkchop":3,"minecraft:white_banner":1,"minecraft:cooked_porkchop":6,"toughasnails:purified_water_canteen":3,"minecraft:bucket":48,"minecraft:dandelion":2,"minecraft:gray_wool":2},"minecraft:mined":{"minecraft:dark_oak_planks":1,"minecraft:spruce_planks":1,"minecraft:white_bed":11,"minecraft:obsidian":22,"minecraft:granite":9,"minecraft:grass_block":22,"minecraft:glowstone":64,"minecraft:iron_ore":130,"minecraft:cobbled_deepslate":7,"minecraft:fire":7,"minecraft:fletching_table":1,"minecraft:enchanting_table":2,"minecraft:pointed_dripstone":4,"minecraft:cave_vines":1,"minecraft:spruce_slab":1,"minecraft:tripwire":234,"minecraft:deepslate_redstone_ore":13,"solarcraft:void_lily":7,"minecraft:red_bed":5,"minecraft:smoker":1,"minecraft:clay":1,"minecraft:torch":7,"minecraft:blast_furnace":2,"solarcraft:runic_table":1,"minecraft:chest":5,"minecraft:smooth_quartz_slab":1,"minecraft:glass":2,"minecraft:cobblestone":1,"minecraft:sugar_cane":3,"minecraft:wall_torch":9,"minecraft:cauldron":2,"solarcraft:chiseled_solar_stone":1,"minecraft:pink_petals":1,"minecraft:birch_log":36,"minecraft:grass":211,"minecraft:oak_log":89,"minecraft:loom":2,"minecraft:sand":131,"minecraft:dirt":7,"minecraft:smooth_basalt":1,"solarcraft:runic_log":11,"minecraft:deepslate":243,"minecraft:oak_leaves":66,"minecraft:red_carpet":18,"minecraft:deepslate_diamond_ore":16,"minecraft:candle":1,"solarcraft:crystal":6,"goblins_tyranny:mushroom_pad":1,"gravestone:gravestone":25,"goblins_tyranny:coins_1":1,"minecraft:rooted_dirt":372,"minecraft:sandstone":127,"minecraft:furnace":9,"minecraft:gold_block":1,"minecraft:bell":2,"minecraft:bookshelf":61,"minecraft:deepslate_iron_ore":9,"minecraft:stone":296,"minecraft:oak_slab":3,"toughasnails:water_purifier":1,"minecraft:pink_concrete_powder":1,"minecraft:stone_brick_slab":1,"minecraft:crafting_table":8,"minecraft:cornflower":1,"minecraft:emerald_ore":6,"solarcraft:solar_stone_collumn":1,"minecraft:copper_ore":66,"minecraft:tall_grass":5,"minecraft:deepslate_gold_ore":17,"minecraft:diorite":2,"minecraft:warped_wart_block":85,"minecraft:cactus":5,"ironfurnaces:diamond_furnace":1,"solarcraft:solar_flower":5,"minecraft:birch_leaves":3,"minecraft:black_wool":1,"minecraft:coal_ore":323,"minecraft:gravel":68,"minecraft:cobweb":9,"minecraft:polished_andesite":1,"minecraft:small_dripleaf":1}},"DataVersion":3465}