{"stats":{"minecraft:picked_up":{"minecraft:crafting_table":7,"minecraft:chicken":1,"minecraft:yellow_wool":16,"minecraft:diamond_sword":2,"minecraft:gold_block":1,"solarcraft:ancient_fragment":2,"minecraft:potion":5,"gravestone:obituary":3,"minecraft:shield":1,"minecraft:cornflower":3,"minecraft:string":22,"minecraft:raw_copper":224,"minecraft:cobbled_deepslate":163,"minecraft:spruce_planks":2,"minecraft:bucket":1,"improvableskills:scroll_normal":1,"toughasnails:leaf_boots":1,"minecraft:beef":33,"minecraft:player_head":3,"hangglider:hang_glider":1,"minecraft:sugar_cane":4,"minecraft:chest":4,"minecraft:birch_sapling":7,"minecraft:furnace":4,"solarcraft:solar_lexicon":1,"minecraft:raw_iron":30,"resource_cracker:nugget_copper":4,"minecraft:stick":12,"solarcraft:chiseled_solar_stone":1,"minecraft:torch":14,"medieval_craft_weapons:titanite_nugget_1":1,"minecraft:porkchop":9,"resource_cracker:garlic":2,"minecraft:pointed_dripstone":10,"minecraft:diorite":2,"minecraft:redstone":59,"minecraft:stone_sword":4,"friendsandfoes:crab_claw":2,"minecraft:arrow":8,"minecraft:rotten_flesh":11,"medieval_craft_weapons:mighty_stick":1,"minecraft:blaze_rod":1,"minecraft:mutton":29,"minecraft:obsidian":22,"minecraft:white_wool":18,"minecraft:cobblestone":146,"minecraft:oxeye_daisy":29,"minecraft:birch_log":19,"minecraft:pink_petals":4,"minecraft:glow_ink_sac":2,"minecraft:leather":23,"solarcraft:solar_stone_collumn":1,"minecraft:oak_log":39,"minecraft:pink_concrete_powder":1,"minecraft:dirt":60,"minecraft:white_banner":2,"minecraft:red_carpet":54,"minecraft:bone":6,"minecraft:apple":2,"minecraft:wheat_seeds":18,"minecraft:raw_gold":18,"minecraft:iron_ingot":3,"minecraft:glass_bottle":12,"solarcraft:empty_crystal":9,"minecraft:stone_hoe":1,"toughasnails:leaf_chestplate":1,"minecraft:book":18,"medieval_craft_weapons:sword_1":1,"resource_cracker:nugget_diamond":3,"minecraft:smooth_basalt":1,"minecraft:stone_brick_slab":1,"minecraft:dandelion":19,"goblins_tyranny:goblins_tyranny_guide":1,"minecraft:blast_furnace":2,"minecraft:white_bed":9,"minecraft:dead_bush":1101,"minecraft:spider_eye":2,"solarcraft:solar_rune_ultima":2,"goblins_tyranny:mushroom_pad":1,"goblins_tyranny:coin":2,"solarcraft:void_dust":30,"minecraft:diamond":24,"knightquest:small_essence":3,"chancecubes:chance_cube":1,"minecraft:iron_helmet":1,"minecraft:crossbow":1,"minecraft:granite":9,"vanillaplustools:stone_hammer":1,"minecraft:golden_apple":1,"minecraft:gray_wool":2,"minecraft:oak_sapling":5,"minecraft:netherrack":4,"minecraft:black_wool":1,"minecraft:coal":214,"minecraft:oak_leaves":66,"minecraft:sunflower":2,"minecraft:diamond_pickaxe":1},"minecraft:custom":{"minecraft:mob_kills":104,"minecraft:interact_with_crafting_table":50,"minecraft:open_barrel":7,"minecraft:leave_game":7,"minecraft:time_since_death":47480,"minecraft:climb_one_cm":5672,"minecraft:opened_chance_cube":24,"minecraft:sprint_one_cm":562041,"minecraft:walk_one_cm":311545,"minecraft:damage_blocked_by_shield":20,"minecraft:drop":124,"minecraft:talked_to_villager":2,"minecraft:play_time":217291,"minecraft:sneak_time":6391,"minecraft:deaths":17,"minecraft:walk_under_water_one_cm":13686,"minecraft:jump":4188,"minecraft:interact_with_blast_furnace":3,"minecraft:walk_on_water_one_cm":31072,"minecraft:total_world_time":217291,"minecraft:interact_with_furnace":57,"minecraft:raid_trigger":1,"minecraft:sleep_in_bed":10,"minecraft:time_since_rest":4259,"minecraft:damage_taken":4630,"minecraft:damage_dealt":16466,"minecraft:swim_one_cm":22740,"minecraft:fly_one_cm":1187477,"minecraft:open_chest":74,"minecraft:crouch_one_cm":11990,"minecraft:fall_one_cm":100418,"minecraft:interact_with_smoker":2},"minecraft:broken":{"toughasnails:leaf_leggings":1,"toughasnails:leaf_boots":1,"toughasnails:leaf_chestplate":1,"toughasnails:water_canteen":3},"minecraft:mined":{"minecraft:red_carpet":18,"minecraft:spruce_planks":1,"minecraft:white_bed":9,"minecraft:deepslate_diamond_ore":16,"minecraft:candle":1,"solarcraft:crystal":5,"goblins_tyranny:mushroom_pad":1,"minecraft:obsidian":22,"minecraft:granite":9,"gravestone:gravestone":12,"goblins_tyranny:coins_1":1,"minecraft:grass_block":14,"minecraft:furnace":5,"minecraft:iron_ore":21,"minecraft:fire":5,"minecraft:cobbled_deepslate":3,"minecraft:gold_block":1,"minecraft:bookshelf":6,"minecraft:pointed_dripstone":4,"minecraft:deepslate_iron_ore":9,"minecraft:stone":144,"minecraft:spruce_slab":1,"minecraft:deepslate_redstone_ore":13,"solarcraft:void_lily":7,"minecraft:pink_concrete_powder":1,"minecraft:stone_brick_slab":1,"minecraft:cornflower":1,"minecraft:crafting_table":7,"minecraft:torch":5,"minecraft:blast_furnace":1,"solarcraft:solar_stone_collumn":1,"minecraft:chest":1,"minecraft:copper_ore":66,"minecraft:tall_grass":3,"minecraft:cobblestone":1,"minecraft:deepslate_gold_ore":17,"minecraft:sugar_cane":3,"minecraft:diorite":2,"minecraft:wall_torch":9,"minecraft:pink_petals":1,"solarcraft:chiseled_solar_stone":1,"minecraft:birch_log":19,"minecraft:birch_leaves":3,"minecraft:grass":119,"minecraft:coal_ore":75,"minecraft:oak_log":39,"minecraft:dirt":5,"minecraft:cobweb":9,"minecraft:smooth_basalt":1,"minecraft:deepslate":243,"minecraft:oak_leaves":65},"minecraft:killed_by":{"minecraft:creeper":2,"medieval_craft_weapons:archer":2,"minecraft:cave_spider":3,"medieval_craft_weapons:soldier":1},"minecraft:crafted":{"hangglider:glider_framework":1,"minecraft:oak_planks":92,"minecraft:cobblestone_slab":12,"vanillaplustools:stone_hammer":1,"hangglider:hang_glider":1,"usefulbackpacks:backpack_small":1,"minecraft:furnace":8,"hangglider:glider_wing":2,"toughasnails:leaf_leggings":1,"minecraft:cooked_mutton":20,"minecraft:diamond_helmet":1,"minecraft:iron_axe":1,"minecraft:stone_pickaxe":10,"minecraft:chest":5,"minecraft:oak_button":1,"medieval_craft_weapons:mighty_stick":1,"minecraft:stone_hoe":1,"minecraft:cooked_beef":19,"toughasnails:leaf_boots":1,"ironchest:wood_to_iron_chest_upgrade":1,"minecraft:cooked_porkchop":6,"minecraft:diamond_axe":1,"minecraft:crafting_table":6,"toughasnails:leaf_chestplate":2,"minecraft:enchanting_table":1,"minecraft:wooden_pickaxe":1,"minecraft:iron_helmet":1,"minecraft:cooked_salmon":3,"minecraft:bucket":1,"minecraft:birch_planks":52,"minecraft:stone_axe":1,"minecraft:air":0,"minecraft:diamond_pickaxe":1,"minecraft:shield":1,"minecraft:stick":48,"minecraft:iron_ingot":25,"minecraft:iron_pickaxe":1,"minecraft:stone_sword":1,"minecraft:gold_ingot":9,"minecraft:white_bed":1,"minecraft:torch":68,"minecraft:shears":1,"toughasnails:empty_canteen":1},"minecraft:killed":{"illagerrevolutionmod:illager_scavenger":1,"minecraft:cave_spider":6,"minecraft:witch":1,"minecraft:spider":3,"medieval_craft_weapons:archer":2,"medieval_craft_weapons:knight":1,"goblins_tyranny:merchant":1,"minecraft:horse":2,"minecraft:skeleton":6,"medieval_craft_weapons:soldier":1,"friendsandfoes:mauler":3,"minecraft:chicken":1,"goblins_tyranny:wanderer_goblin":1,"minecraft:pig":5,"minecraft:zombie_villager":2,"solarcraft:solar_master_villager":1,"minecraft:sheep":21,"minecraft:pillager":6,"friendsandfoes:crab":1,"minecraft:goat":1,"minecraft:donkey":1,"minecraft:zombie":9,"knightquest:lizzy":1,"friendsandfoes:moobloom":13,"medieval_craft_weapons:heavyknight":2,"minecraft:cow":9,"minecraft:blaze":2},"minecraft:used":{"ironchest:wood_to_iron_chest_upgrade":1,"minecraft:stone_sword":98,"minecraft:enchanting_table":1,"minecraft:flint_and_steel":14,"minecraft:chest":3,"minecraft:shield":1,"minecraft:cooked_salmon":3,"medieval_craft_weapons:mighty_stick":7,"minecraft:iron_sword":116,"medieval_craft_weapons:sword_1":20,"vanillaplustools:stone_hammer":25,"minecraft:stone_hoe":6,"minecraft:player_head":1,"minecraft:netherrack":4,"minecraft:iron_chestplate":1,"minecraft:torch":81,"minecraft:dirt":21,"minecraft:mutton":5,"toughasnails:empty_canteen":4,"minecraft:diamond_helmet":1,"minecraft:granite":9,"resource_cracker:garlic":1,"minecraft:stone_brick_slab":1,"chancecubes:chance_cube":11,"minecraft:iron_axe":97,"minecraft:iron_helmet":1,"solarcraft:solar_stone_collumn":1,"minecraft:smooth_basalt":1,"solarcraft:chiseled_solar_stone":1,"minecraft:beef":3,"minecraft:furnace":11,"minecraft:pink_concrete_powder":1,"minecraft:cooked_beef":19,"minecraft:cobbled_deepslate":137,"goblins_tyranny:goblins_tyranny_guide":1,"minecraft:cooked_mutton":15,"minecraft:water_bucket":27,"minecraft:birch_planks":24,"minecraft:glass_bottle":41,"minecraft:stone_pickaxe":91,"minecraft:wooden_pickaxe":4,"minecraft:diamond_axe":21,"minecraft:leather_boots":1,"toughasnails:water_canteen":33,"minecraft:oak_leaves":2,"minecraft:crafting_table":13,"minecraft:blast_furnace":1,"minecraft:white_bed":10,"goblins_tyranny:coin":1,"minecraft:shears":59,"minecraft:oak_log":1,"minecraft:diamond_pickaxe":397,"minecraft:cornflower":1,"minecraft:oak_button":1,"minecraft:iron_pickaxe":13,"toughasnails:leaf_chestplate":1,"minecraft:stone_axe":28,"minecraft:pink_petals":4,"minecraft:porkchop":3,"minecraft:potion":42,"minecraft:cobblestone":26,"minecraft:white_banner":1,"minecraft:bucket":27,"minecraft:cooked_porkchop":6,"minecraft:gray_wool":2,"minecraft:air":6,"minecraft:experience_bottle":4},"minecraft:dropped":{"minecraft:birch_planks":1,"minecraft:wheat_seeds":4,"friendsandfoes:crab_claw":1,"minecraft:glass_bottle":9,"minecraft:cobblestone":3,"minecraft:leather":2,"minecraft:red_carpet":18,"minecraft:dirt":5,"minecraft:diorite":2,"minecraft:torch":1,"minecraft:dead_bush":3162,"gravestone:obituary":14,"minecraft:sunflower":2,"minecraft:iron_pickaxe":1,"minecraft:string":10,"minecraft:bone":4,"resource_cracker:nugget_copper":4,"minecraft:player_head":1,"minecraft:stone_sword":4,"minecraft:cobbled_deepslate":9,"minecraft:raw_copper":35,"minecraft:yellow_wool":16,"minecraft:birch_sapling":6,"minecraft:pointed_dripstone":10,"minecraft:chicken":1,"minecraft:rotten_flesh":5,"medieval_craft_weapons:mighty_stick":2,"minecraft:oak_sapling":1,"vanillaplustools:stone_hammer":1,"minecraft:spider_eye":2,"minecraft:arrow":4,"minecraft:beef":2,"minecraft:stone_pickaxe":1,"minecraft:wooden_pickaxe":1,"minecraft:raw_gold":2,"solarcraft:solar_lexicon":1,"minecraft:oak_leaves":2,"minecraft:black_wool":1}},"DataVersion":3465}