{"stats":{"minecraft:crafted":{"minecraft:oak_planks":24,"minecraft:cobblestone_slab":12,"vanillaplustools:stone_hammer":1,"minecraft:crafting_table":3,"minecraft:wooden_pickaxe":1,"minecraft:furnace":1,"minecraft:birch_planks":12,"minecraft:stone_axe":1,"minecraft:cooked_mutton":6,"minecraft:air":0,"minecraft:stick":28,"minecraft:stone_pickaxe":10,"minecraft:stone_sword":1,"minecraft:oak_button":1,"minecraft:white_bed":1,"minecraft:torch":24},"minecraft:killed_by":{"minecraft:creeper":1},"minecraft:dropped":{"minecraft:glass_bottle":1,"minecraft:birch_sapling":3},"minecraft:custom":{"minecraft:interact_with_furnace":7,"minecraft:mob_kills":22,"minecraft:interact_with_crafting_table":14,"minecraft:leave_game":3,"minecraft:time_since_death":1243,"minecraft:sleep_in_bed":1,"minecraft:time_since_rest":1267,"minecraft:sprint_one_cm":99854,"minecraft:damage_taken":470,"minecraft:walk_one_cm":67210,"minecraft:drop":2,"minecraft:damage_dealt":2950,"minecraft:swim_one_cm":3696,"minecraft:fly_one_cm":109853,"minecraft:crouch_one_cm":3065,"minecraft:play_time":50047,"minecraft:deaths":2,"minecraft:sneak_time":1275,"minecraft:walk_under_water_one_cm":1249,"minecraft:jump":661,"minecraft:walk_on_water_one_cm":2207,"minecraft:total_world_time":50047,"minecraft:fall_one_cm":14807},"minecraft:used":{"minecraft:cooked_mutton":5,"minecraft:stone_sword":16,"minecraft:stone_pickaxe":76,"minecraft:wooden_pickaxe":4,"vanillaplustools:stone_hammer":25,"minecraft:torch":29,"minecraft:dirt":21,"minecraft:crafting_table":4,"minecraft:white_bed":1,"minecraft:granite":9,"minecraft:oak_button":1,"minecraft:stone_axe":28,"minecraft:cobblestone":1,"minecraft:potion":2,"minecraft:furnace":1,"minecraft:experience_bottle":4},"minecraft:mined":{"minecraft:crafting_table":1,"minecraft:torch":1,"minecraft:granite":9,"gravestone:gravestone":2,"minecraft:grass_block":6,"minecraft:cobblestone":1,"minecraft:copper_ore":34,"minecraft:tall_grass":3,"minecraft:wall_torch":4,"minecraft:furnace":1,"minecraft:birch_log":7,"minecraft:iron_ore":10,"minecraft:birch_leaves":2,"minecraft:grass":6,"minecraft:pointed_dripstone":4,"minecraft:oak_log":6,"minecraft:coal_ore":52,"minecraft:dirt":4,"minecraft:stone":136},"minecraft:killed":{"minecraft:pig":3,"minecraft:spider":2,"minecraft:sheep":7,"minecraft:horse":2,"minecraft:skeleton":3,"minecraft:zombie":2,"minecraft:chicken":1,"minecraft:cow":2},"minecraft:picked_up":{"minecraft:birch_log":7,"minecraft:crafting_table":1,"minecraft:chicken":1,"minecraft:leather":3,"minecraft:oak_log":6,"minecraft:dirt":21,"minecraft:string":3,"minecraft:raw_copper":113,"minecraft:bone":2,"minecraft:beef":2,"minecraft:glass_bottle":1,"minecraft:birch_sapling":6,"minecraft:furnace":1,"minecraft:raw_iron":10,"minecraft:stick":3,"minecraft:torch":5,"minecraft:porkchop":6,"minecraft:pointed_dripstone":5,"minecraft:arrow":4,"minecraft:rotten_flesh":2,"minecraft:granite":9,"minecraft:oak_sapling":1,"minecraft:black_wool":1,"minecraft:mutton":10,"minecraft:coal":52,"minecraft:white_wool":6,"minecraft:cobblestone":132}},"DataVersion":3465}