{"stats":{"minecraft:crafted":{"minecraft:oak_planks":24,"minecraft:cobblestone_slab":12,"vanillaplustools:stone_hammer":1,"minecraft:crafting_table":4,"minecraft:iron_helmet":1,"minecraft:wooden_pickaxe":1,"minecraft:furnace":1,"minecraft:bucket":1,"minecraft:birch_planks":24,"minecraft:stone_axe":1,"minecraft:cooked_mutton":6,"minecraft:air":0,"minecraft:shield":1,"minecraft:stick":32,"minecraft:iron_ingot":12,"minecraft:iron_pickaxe":1,"minecraft:stone_pickaxe":10,"minecraft:stone_sword":1,"minecraft:oak_button":1,"minecraft:white_bed":1,"minecraft:torch":32},"minecraft:killed_by":{"minecraft:creeper":2},"minecraft:dropped":{"minecraft:glass_bottle":1,"minecraft:birch_sapling":3,"minecraft:oak_sapling":1,"gravestone:obituary":5,"minecraft:wooden_pickaxe":1},"minecraft:custom":{"minecraft:interact_with_furnace":16,"minecraft:mob_kills":25,"minecraft:interact_with_crafting_table":21,"minecraft:leave_game":3,"minecraft:time_since_death":1877,"minecraft:sleep_in_bed":1,"minecraft:time_since_rest":1920,"minecraft:sprint_one_cm":114849,"minecraft:damage_taken":957,"minecraft:walk_one_cm":85444,"minecraft:drop":9,"minecraft:damage_dealt":3588,"minecraft:swim_one_cm":4677,"minecraft:fly_one_cm":126213,"minecraft:crouch_one_cm":4187,"minecraft:play_time":62047,"minecraft:deaths":3,"minecraft:sneak_time":1987,"minecraft:walk_under_water_one_cm":2479,"minecraft:jump":790,"minecraft:walk_on_water_one_cm":4558,"minecraft:total_world_time":62047,"minecraft:fall_one_cm":20514},"minecraft:used":{"minecraft:cooked_mutton":6,"minecraft:stone_sword":23,"minecraft:glass_bottle":4,"minecraft:stone_pickaxe":91,"minecraft:wooden_pickaxe":4,"vanillaplustools:stone_hammer":25,"minecraft:torch":32,"minecraft:dirt":21,"minecraft:crafting_table":5,"minecraft:white_bed":1,"minecraft:granite":9,"minecraft:oak_button":1,"minecraft:iron_pickaxe":3,"minecraft:iron_helmet":1,"minecraft:stone_axe":28,"minecraft:cobblestone":18,"minecraft:potion":4,"minecraft:furnace":2,"minecraft:bucket":1,"minecraft:cobbled_deepslate":7,"minecraft:experience_bottle":4},"minecraft:mined":{"minecraft:deepslate_diamond_ore":2,"minecraft:crafting_table":1,"minecraft:torch":1,"minecraft:granite":9,"gravestone:gravestone":3,"minecraft:grass_block":6,"minecraft:cobblestone":1,"minecraft:copper_ore":34,"minecraft:tall_grass":3,"minecraft:wall_torch":4,"minecraft:furnace":2,"minecraft:cobbled_deepslate":3,"minecraft:birch_log":7,"minecraft:iron_ore":10,"minecraft:birch_leaves":2,"minecraft:grass":6,"minecraft:deepslate_iron_ore":2,"minecraft:pointed_dripstone":4,"minecraft:oak_log":6,"minecraft:coal_ore":52,"minecraft:dirt":4,"minecraft:stone":136,"minecraft:deepslate":4},"minecraft:killed":{"minecraft:pig":3,"minecraft:witch":1,"minecraft:spider":2,"minecraft:sheep":7,"minecraft:horse":2,"minecraft:skeleton":3,"minecraft:zombie":3,"minecraft:chicken":1,"minecraft:cow":2},"minecraft:picked_up":{"minecraft:birch_log":7,"minecraft:crafting_table":1,"minecraft:chicken":1,"minecraft:leather":3,"minecraft:oak_log":6,"gravestone:obituary":2,"minecraft:dirt":21,"minecraft:string":3,"minecraft:raw_copper":113,"minecraft:bone":4,"minecraft:cobbled_deepslate":12,"improvableskills:scroll_normal":1,"minecraft:beef":2,"minecraft:glass_bottle":2,"minecraft:birch_sapling":6,"minecraft:furnace":2,"minecraft:raw_iron":12,"minecraft:stick":5,"minecraft:torch":5,"minecraft:porkchop":6,"minecraft:pointed_dripstone":5,"minecraft:arrow":4,"minecraft:rotten_flesh":2,"minecraft:diamond":2,"minecraft:granite":9,"minecraft:oak_sapling":1,"minecraft:black_wool":1,"minecraft:mutton":10,"minecraft:coal":95,"minecraft:white_wool":6,"minecraft:cobblestone":132}},"DataVersion":3465}