{"stats":{"minecraft:crafted":{"hangglider:glider_framework":1,"minecraft:oak_planks":92,"minecraft:cobblestone_slab":12,"vanillaplustools:stone_hammer":1,"hangglider:hang_glider":1,"minecraft:furnace":8,"hangglider:glider_wing":2,"toughasnails:leaf_leggings":1,"minecraft:cooked_mutton":10,"minecraft:diamond_helmet":1,"minecraft:iron_axe":1,"minecraft:stone_pickaxe":10,"minecraft:chest":5,"minecraft:oak_button":1,"medieval_craft_weapons:mighty_stick":1,"minecraft:stone_hoe":1,"minecraft:cooked_beef":11,"toughasnails:leaf_boots":1,"minecraft:cooked_porkchop":6,"minecraft:crafting_table":6,"toughasnails:leaf_chestplate":2,"minecraft:iron_helmet":1,"minecraft:wooden_pickaxe":1,"minecraft:cooked_salmon":3,"minecraft:bucket":1,"minecraft:birch_planks":52,"minecraft:stone_axe":1,"minecraft:air":0,"minecraft:diamond_pickaxe":1,"minecraft:shield":1,"minecraft:stick":48,"minecraft:iron_ingot":25,"minecraft:iron_pickaxe":1,"minecraft:stone_sword":1,"minecraft:gold_ingot":9,"minecraft:white_bed":1,"minecraft:torch":64,"minecraft:shears":1},"minecraft:killed_by":{"minecraft:creeper":2,"medieval_craft_weapons:archer":2,"minecraft:cave_spider":3,"medieval_craft_weapons:soldier":1},"minecraft:picked_up":{"minecraft:crafting_table":7,"minecraft:chicken":1,"minecraft:yellow_wool":16,"minecraft:diamond_sword":2,"solarcraft:ancient_fragment":2,"minecraft:gold_block":1,"minecraft:potion":5,"gravestone:obituary":3,"minecraft:shield":1,"minecraft:cornflower":3,"minecraft:string":22,"minecraft:raw_copper":224,"minecraft:cobbled_deepslate":162,"minecraft:bucket":1,"improvableskills:scroll_normal":1,"minecraft:spruce_planks":2,"toughasnails:leaf_boots":1,"minecraft:beef":19,"minecraft:player_head":3,"hangglider:hang_glider":1,"minecraft:chest":4,"minecraft:birch_sapling":7,"minecraft:furnace":4,"solarcraft:solar_lexicon":1,"resource_cracker:nugget_copper":4,"minecraft:stick":12,"minecraft:raw_iron":27,"solarcraft:chiseled_solar_stone":1,"minecraft:torch":14,"minecraft:porkchop":9,"resource_cracker:garlic":1,"minecraft:pointed_dripstone":10,"minecraft:diorite":2,"minecraft:redstone":17,"friendsandfoes:crab_claw":2,"minecraft:rotten_flesh":6,"minecraft:arrow":4,"minecraft:stone_sword":4,"medieval_craft_weapons:mighty_stick":1,"minecraft:obsidian":22,"minecraft:mutton":10,"minecraft:white_wool":6,"minecraft:cobblestone":146,"minecraft:birch_log":19,"minecraft:pink_petals":4,"minecraft:leather":17,"solarcraft:solar_stone_collumn":1,"minecraft:oak_log":24,"minecraft:pink_concrete_powder":1,"minecraft:dirt":59,"minecraft:red_carpet":54,"minecraft:bone":4,"minecraft:wheat_seeds":8,"minecraft:raw_gold":2,"minecraft:iron_ingot":3,"minecraft:glass_bottle":12,"solarcraft:empty_crystal":8,"minecraft:stone_hoe":1,"medieval_craft_weapons:sword_1":1,"toughasnails:leaf_chestplate":1,"resource_cracker:nugget_diamond":2,"minecraft:stone_brick_slab":1,"goblins_tyranny:goblins_tyranny_guide":1,"minecraft:blast_furnace":2,"minecraft:white_bed":9,"minecraft:dead_bush":1101,"minecraft:spider_eye":2,"solarcraft:solar_rune_ultima":2,"goblins_tyranny:mushroom_pad":1,"goblins_tyranny:coin":2,"solarcraft:void_dust":22,"minecraft:diamond":18,"chancecubes:chance_cube":1,"minecraft:iron_helmet":1,"knightquest:small_essence":1,"minecraft:granite":9,"vanillaplustools:stone_hammer":1,"minecraft:golden_apple":1,"minecraft:coal":214,"minecraft:oak_sapling":2,"minecraft:netherrack":4,"minecraft:black_wool":1,"minecraft:oak_leaves":66,"minecraft:diamond_pickaxe":1,"minecraft:sunflower":2},"minecraft:killed":{"minecraft:cave_spider":6,"minecraft:witch":1,"minecraft:spider":3,"medieval_craft_weapons:archer":2,"medieval_craft_weapons:knight":1,"goblins_tyranny:merchant":1,"minecraft:skeleton":3,"minecraft:horse":2,"medieval_craft_weapons:soldier":1,"friendsandfoes:mauler":3,"minecraft:chicken":1,"goblins_tyranny:wanderer_goblin":1,"minecraft:pig":5,"minecraft:zombie_villager":1,"minecraft:sheep":7,"friendsandfoes:crab":1,"minecraft:zombie":8,"friendsandfoes:moobloom":7,"minecraft:blaze":1,"medieval_craft_weapons:heavyknight":2,"minecraft:cow":6},"minecraft:mined":{"minecraft:red_carpet":18,"minecraft:spruce_planks":1,"minecraft:white_bed":9,"minecraft:deepslate_diamond_ore":10,"minecraft:candle":1,"solarcraft:crystal":4,"goblins_tyranny:mushroom_pad":1,"minecraft:obsidian":22,"gravestone:gravestone":12,"minecraft:granite":9,"goblins_tyranny:coins_1":1,"minecraft:grass_block":13,"minecraft:furnace":5,"minecraft:iron_ore":21,"minecraft:cobbled_deepslate":3,"minecraft:fire":5,"minecraft:gold_block":1,"minecraft:pointed_dripstone":4,"minecraft:deepslate_iron_ore":6,"minecraft:stone":144,"minecraft:spruce_slab":1,"minecraft:deepslate_redstone_ore":4,"solarcraft:void_lily":5,"minecraft:stone_brick_slab":1,"minecraft:crafting_table":7,"minecraft:cornflower":1,"minecraft:torch":5,"minecraft:blast_furnace":1,"solarcraft:solar_stone_collumn":1,"minecraft:chest":1,"minecraft:tall_grass":3,"minecraft:copper_ore":66,"minecraft:cobblestone":1,"minecraft:deepslate_gold_ore":1,"minecraft:diorite":2,"minecraft:wall_torch":9,"solarcraft:chiseled_solar_stone":1,"minecraft:pink_petals":1,"minecraft:birch_log":19,"minecraft:birch_leaves":3,"minecraft:grass":114,"minecraft:oak_log":24,"minecraft:coal_ore":75,"minecraft:dirt":5,"minecraft:cobweb":9,"minecraft:oak_leaves":65,"minecraft:deepslate":242},"minecraft:broken":{"toughasnails:leaf_leggings":1,"toughasnails:leaf_boots":1,"toughasnails:leaf_chestplate":1},"minecraft:dropped":{"minecraft:birch_planks":1,"minecraft:wheat_seeds":4,"friendsandfoes:crab_claw":1,"minecraft:glass_bottle":9,"minecraft:cobblestone":3,"minecraft:leather":2,"minecraft:red_carpet":18,"minecraft:dirt":5,"minecraft:diorite":2,"minecraft:torch":1,"minecraft:dead_bush":3162,"gravestone:obituary":14,"minecraft:sunflower":2,"minecraft:iron_pickaxe":1,"minecraft:string":10,"minecraft:bone":4,"resource_cracker:nugget_copper":4,"minecraft:player_head":1,"minecraft:stone_sword":3,"minecraft:cobbled_deepslate":9,"minecraft:raw_copper":35,"minecraft:yellow_wool":16,"minecraft:birch_sapling":6,"minecraft:pointed_dripstone":10,"minecraft:chicken":1,"minecraft:rotten_flesh":5,"medieval_craft_weapons:mighty_stick":2,"vanillaplustools:stone_hammer":1,"minecraft:oak_sapling":1,"minecraft:spider_eye":2,"minecraft:arrow":4,"minecraft:wooden_pickaxe":1,"minecraft:stone_pickaxe":1,"minecraft:beef":2,"minecraft:raw_gold":2,"solarcraft:solar_lexicon":1,"minecraft:oak_leaves":2,"minecraft:black_wool":1},"minecraft:used":{"minecraft:stone_sword":98,"minecraft:flint_and_steel":14,"minecraft:chest":3,"minecraft:shield":1,"minecraft:cooked_salmon":2,"minecraft:iron_sword":30,"medieval_craft_weapons:sword_1":20,"medieval_craft_weapons:mighty_stick":7,"vanillaplustools:stone_hammer":25,"minecraft:player_head":1,"minecraft:stone_hoe":6,"minecraft:netherrack":4,"minecraft:iron_chestplate":1,"minecraft:torch":77,"minecraft:dirt":21,"minecraft:diamond_helmet":1,"minecraft:granite":9,"resource_cracker:garlic":1,"minecraft:stone_brick_slab":1,"chancecubes:chance_cube":8,"minecraft:iron_axe":97,"solarcraft:solar_stone_collumn":1,"minecraft:iron_helmet":1,"solarcraft:chiseled_solar_stone":1,"minecraft:beef":3,"minecraft:furnace":11,"minecraft:pink_concrete_powder":1,"minecraft:cooked_beef":11,"minecraft:cobbled_deepslate":137,"goblins_tyranny:goblins_tyranny_guide":1,"minecraft:cooked_mutton":10,"minecraft:water_bucket":22,"minecraft:birch_planks":18,"minecraft:glass_bottle":41,"minecraft:stone_pickaxe":91,"minecraft:wooden_pickaxe":4,"minecraft:leather_boots":1,"minecraft:oak_leaves":2,"minecraft:crafting_table":13,"minecraft:blast_furnace":1,"minecraft:white_bed":10,"goblins_tyranny:coin":1,"minecraft:shears":59,"minecraft:oak_log":1,"minecraft:diamond_pickaxe":360,"minecraft:cornflower":1,"minecraft:oak_button":1,"minecraft:iron_pickaxe":13,"toughasnails:leaf_chestplate":1,"minecraft:stone_axe":28,"minecraft:pink_petals":4,"minecraft:cobblestone":26,"minecraft:potion":42,"minecraft:porkchop":3,"minecraft:cooked_porkchop":6,"minecraft:bucket":21,"minecraft:air":6,"minecraft:experience_bottle":4},"minecraft:custom":{"minecraft:mob_kills":64,"minecraft:open_barrel":7,"minecraft:interact_with_crafting_table":43,"minecraft:leave_game":6,"minecraft:time_since_death":8315,"minecraft:climb_one_cm":4240,"minecraft:opened_chance_cube":20,"minecraft:sprint_one_cm":417703,"minecraft:walk_one_cm":254874,"minecraft:damage_blocked_by_shield":20,"minecraft:drop":123,"minecraft:talked_to_villager":2,"minecraft:play_time":178126,"minecraft:deaths":17,"minecraft:sneak_time":5498,"minecraft:walk_under_water_one_cm":13634,"minecraft:jump":3214,"minecraft:walk_on_water_one_cm":29323,"minecraft:total_world_time":178126,"minecraft:interact_with_furnace":41,"minecraft:sleep_in_bed":7,"minecraft:time_since_rest":8340,"minecraft:damage_taken":4186,"minecraft:damage_dealt":10015,"minecraft:swim_one_cm":22740,"minecraft:fly_one_cm":775068,"minecraft:open_chest":37,"minecraft:crouch_one_cm":9789,"minecraft:interact_with_smoker":2,"minecraft:fall_one_cm":78331}},"DataVersion":3465}