{"stats":{"minecraft:crafted":{"minecraft:oak_planks":20,"minecraft:cobblestone_slab":12,"vanillaplustools:stone_hammer":1,"minecraft:crafting_table":1,"minecraft:stick":24,"minecraft:wooden_pickaxe":1,"minecraft:stone_pickaxe":10,"minecraft:furnace":1,"minecraft:oak_button":1,"minecraft:torch":12,"minecraft:stone_axe":1,"minecraft:air":0,"minecraft:cooked_mutton":6},"minecraft:killed_by":{"minecraft:creeper":1},"minecraft:used":{"minecraft:cooked_mutton":3,"minecraft:stone_pickaxe":62,"minecraft:wooden_pickaxe":4,"vanillaplustools:stone_hammer":17,"minecraft:torch":12,"minecraft:stone_axe":28,"minecraft:dirt":6,"minecraft:cobblestone":1,"minecraft:crafting_table":2,"minecraft:furnace":1,"minecraft:granite":3,"minecraft:experience_bottle":4},"minecraft:custom":{"minecraft:time_since_rest":2195,"minecraft:interact_with_furnace":7,"minecraft:sprint_one_cm":62076,"minecraft:damage_taken":260,"minecraft:walk_one_cm":43041,"minecraft:mob_kills":15,"minecraft:damage_dealt":1899,"minecraft:swim_one_cm":1476,"minecraft:interact_with_crafting_table":12,"minecraft:fly_one_cm":78421,"minecraft:deaths":1,"minecraft:crouch_one_cm":943,"minecraft:play_time":38047,"minecraft:sneak_time":501,"minecraft:walk_under_water_one_cm":149,"minecraft:jump":410,"minecraft:leave_game":3,"minecraft:walk_on_water_one_cm":695,"minecraft:time_since_death":2143,"minecraft:total_world_time":38047,"minecraft:fall_one_cm":10782},"minecraft:mined":{"minecraft:furnace":1,"minecraft:birch_log":7,"minecraft:birch_leaves":2,"gravestone:gravestone":1,"minecraft:crafting_table":1,"minecraft:granite":3,"minecraft:grass":6,"minecraft:coal_ore":33,"minecraft:grass_block":5,"minecraft:oak_log":6,"minecraft:dirt":4,"minecraft:tall_grass":3,"minecraft:copper_ore":28,"minecraft:cobblestone":1,"minecraft:stone":109},"minecraft:killed":{"minecraft:sheep":6,"minecraft:skeleton":2,"minecraft:pig":2,"minecraft:zombie":2,"minecraft:chicken":1,"minecraft:spider":2},"minecraft:picked_up":{"minecraft:birch_log":7,"minecraft:stick":3,"minecraft:crafting_table":1,"minecraft:chicken":1,"minecraft:porkchop":4,"minecraft:oak_log":6,"minecraft:string":3,"minecraft:dirt":20,"minecraft:raw_copper":94,"minecraft:arrow":3,"minecraft:bone":2,"minecraft:rotten_flesh":2,"minecraft:granite":3,"minecraft:black_wool":1,"minecraft:oak_sapling":1,"minecraft:mutton":9,"minecraft:birch_sapling":3,"minecraft:coal":33,"minecraft:white_wool":4,"minecraft:cobblestone":110,"minecraft:furnace":1}},"DataVersion":3465}