{"stats":{"minecraft:crafted":{"minecraft:oak_planks":136,"minecraft:cobblestone_slab":12,"minecraft:barrel":1,"hangglider:hang_glider":1,"usefulbackpacks:backpack_small":1,"toughasnails:leaf_leggings":1,"minecraft:cooked_mutton":25,"minecraft:green_dye":2,"minecraft:glass":15,"minecraft:diamond_helmet":1,"minecraft:chest":5,"minecraft:oak_button":1,"minecraft:stone_hoe":1,"minecraft:smoker":1,"minecraft:oak_slab":6,"toughasnails:leaf_boots":1,"toughasnails:rain_collector":1,"minecraft:cooked_porkchop":6,"minecraft:diamond_axe":1,"minecraft:crafting_table":6,"minecraft:wooden_pickaxe":1,"minecraft:iron_helmet":1,"minecraft:birch_planks":52,"solarcraft:runic_planks":12,"minecraft:diamond_pickaxe":1,"minecraft:charcoal":9,"toughasnails:water_purifier":1,"minecraft:shield":2,"minecraft:stick":56,"solarcraft:runic_slab":6,"minecraft:iron_ingot":89,"minecraft:iron_pickaxe":1,"minecraft:stone_sword":1,"minecraft:gold_ingot":9,"minecraft:shears":1,"toughasnails:empty_canteen":1,"hangglider:glider_framework":1,"vanillaplustools:stone_hammer":1,"minecraft:furnace":8,"hangglider:glider_wing":2,"minecraft:flint_and_steel":1,"minecraft:iron_axe":1,"minecraft:stone_pickaxe":10,"medieval_craft_weapons:mighty_stick":1,"minecraft:cooked_beef":31,"ironchest:wood_to_iron_chest_upgrade":1,"toughasnails:leaf_chestplate":2,"solarcraft:runic_table":1,"minecraft:enchanting_table":1,"minecraft:cooked_salmon":3,"minecraft:bucket":2,"betterskills:wateringcan":1,"minecraft:stone_axe":1,"minecraft:glowstone":33,"minecraft:air":0,"minecraft:white_wool":1,"minecraft:white_bed":1,"minecraft:torch":172},"minecraft:dropped":{"minecraft:birch_planks":1,"minecraft:oak_log":41,"minecraft:glass_bottle":9,"minecraft:rooted_dirt":296,"minecraft:leather":2,"resource_cracker:garlic":1,"minecraft:red_carpet":18,"minecraft:emerald":1,"minecraft:dirt":5,"gravestone:obituary":26,"minecraft:sunflower":2,"minecraft:iron_pickaxe":1,"minecraft:white_wool":1,"minecraft:bone":4,"minecraft:cobbled_deepslate":10,"minecraft:birch_sapling":10,"minecraft:yellow_wool":16,"minecraft:pointed_dripstone":10,"minecraft:rotten_flesh":6,"minecraft:oak_planks":1,"minecraft:gunpowder":2,"vanillaplustools:stone_hammer":1,"minecraft:arrow":4,"minecraft:beef":2,"minecraft:warped_wart_block":85,"solarcraft:solar_lexicon":1,"minecraft:oak_leaves":2,"minecraft:oak_slab":2,"minecraft:wheat_seeds":4,"friendsandfoes:crab_claw":1,"resource_cracker:material_dust_saltpeter":1,"minecraft:cobblestone":5,"minecraft:diorite":2,"minecraft:torch":1,"solarcraft:empty_crystal":3,"minecraft:dead_bush":3162,"minecraft:string":10,"resource_cracker:nugget_copper":7,"minecraft:player_head":1,"minecraft:stone_sword":4,"minecraft:raw_copper":35,"minecraft:chicken":1,"medieval_craft_weapons:mighty_stick":2,"minecraft:oak_sapling":1,"minecraft:spider_eye":2,"minecraft:stone_pickaxe":1,"minecraft:wooden_pickaxe":1,"minecraft:raw_gold":2,"minecraft:black_wool":2},"minecraft:mined":{"minecraft:spruce_planks":1,"minecraft:white_bed":9,"minecraft:obsidian":22,"minecraft:granite":9,"minecraft:grass_block":19,"minecraft:glowstone":64,"minecraft:iron_ore":130,"minecraft:cobbled_deepslate":7,"minecraft:fire":5,"minecraft:enchanting_table":1,"minecraft:pointed_dripstone":4,"minecraft:cave_vines":1,"minecraft:spruce_slab":1,"minecraft:tripwire":234,"minecraft:deepslate_redstone_ore":13,"solarcraft:void_lily":7,"minecraft:torch":7,"minecraft:blast_furnace":1,"minecraft:chest":1,"minecraft:cobblestone":1,"minecraft:sugar_cane":3,"minecraft:wall_torch":9,"minecraft:cauldron":1,"solarcraft:chiseled_solar_stone":1,"minecraft:pink_petals":1,"minecraft:birch_log":36,"minecraft:grass":198,"minecraft:oak_log":89,"minecraft:loom":2,"minecraft:sand":129,"minecraft:dirt":5,"minecraft:smooth_basalt":1,"minecraft:oak_leaves":65,"solarcraft:runic_log":5,"minecraft:deepslate":243,"minecraft:red_carpet":18,"minecraft:deepslate_diamond_ore":16,"minecraft:candle":1,"solarcraft:crystal":6,"goblins_tyranny:mushroom_pad":1,"gravestone:gravestone":21,"goblins_tyranny:coins_1":1,"minecraft:sandstone":127,"minecraft:rooted_dirt":372,"minecraft:furnace":6,"minecraft:gold_block":1,"minecraft:bookshelf":18,"minecraft:deepslate_iron_ore":9,"minecraft:stone":295,"minecraft:oak_slab":3,"toughasnails:water_purifier":1,"minecraft:stone_brick_slab":1,"minecraft:pink_concrete_powder":1,"minecraft:crafting_table":7,"minecraft:cornflower":1,"minecraft:emerald_ore":6,"solarcraft:solar_stone_collumn":1,"minecraft:tall_grass":3,"minecraft:copper_ore":66,"minecraft:deepslate_gold_ore":17,"minecraft:diorite":2,"minecraft:warped_wart_block":85,"minecraft:cactus":5,"solarcraft:solar_flower":5,"minecraft:birch_leaves":3,"minecraft:black_wool":1,"minecraft:coal_ore":323,"minecraft:gravel":68,"minecraft:cobweb":9,"minecraft:small_dripleaf":1},"minecraft:picked_up":{"minecraft:iron_chestplate":1,"resource_cracker:material_dust_saltpeter":1,"minecraft:yellow_wool":16,"resource_cracker:nugget_emerald":1,"minecraft:diamond_sword":2,"solarcraft:ancient_fragment":2,"minecraft:potion":5,"minecraft:string":282,"minecraft:raw_copper":224,"minecraft:iron_leggings":1,"minecraft:cobbled_deepslate":167,"minecraft:bucket":1,"minecraft:spruce_planks":2,"toughasnails:leaf_boots":1,"hangglider:hang_glider":1,"minecraft:furnace":5,"illagerrevolutionmod:raker_claw":2,"minecraft:iron_boots":1,"minecraft:stick":34,"minecraft:torch":103,"minecraft:porkchop":9,"solarcraft:runic_tree_sapling":2,"minecraft:pointed_dripstone":10,"minecraft:diorite":2,"minecraft:cauldron":1,"friendsandfoes:crab_claw":2,"minecraft:stone_sword":4,"minecraft:cactus":9,"minecraft:rotten_flesh":24,"medieval_craft_weapons:mighty_stick":1,"minecraft:blaze_rod":1,"minecraft:obsidian":22,"minecraft:cobblestone":299,"minecraft:birch_log":36,"minecraft:enchanting_table":1,"minecraft:pink_petals":4,"minecraft:flint":12,"minecraft:pink_concrete_powder":1,"minecraft:dirt":69,"solarcraft:energy_dust":24,"minecraft:bone":16,"minecraft:wheat_seeds":32,"minecraft:raw_gold":18,"minecraft:glowstone_dust":135,"solarcraft:empty_crystal":12,"minecraft:stone_hoe":1,"medieval_craft_weapons:sword_1":1,"resource_cracker:nugget_diamond":9,"minecraft:warped_wart_block":85,"minecraft:sand":129,"minecraft:dead_bush":1101,"minecraft:loom":2,"toughasnails:water_purifier":1,"minecraft:diamond":24,"chancecubes:chance_cube":1,"minecraft:crossbow":1,"minecraft:granite":9,"minecraft:golden_apple":1,"minecraft:emerald":9,"minecraft:rooted_dirt":372,"solarcraft:runic_log":5,"minecraft:oak_sapling":23,"minecraft:netherrack":4,"minecraft:oak_leaves":66,"minecraft:diamond_pickaxe":1,"minecraft:crafting_table":7,"minecraft:chicken":1,"minecraft:gold_block":1,"gravestone:obituary":7,"minecraft:shield":1,"minecraft:cornflower":3,"minecraft:moss_carpet":3,"minecraft:iron_axe":1,"improvableskills:scroll_normal":2,"minecraft:beef":39,"minecraft:player_head":3,"minecraft:birch_sapling":11,"minecraft:chest":4,"minecraft:sugar_cane":4,"resource_cracker:material_dust_diamond":1,"solarcraft:solar_lexicon":1,"resource_cracker:nugget_copper":9,"minecraft:raw_iron":137,"minecraft:sandstone":63,"illagerrevolutionmod:junk_axe":1,"solarcraft:chiseled_solar_stone":1,"medieval_craft_weapons:titanite_nugget_1":1,"resource_cracker:garlic":6,"minecraft:carrot":1,"minecraft:redstone":59,"minecraft:arrow":29,"minecraft:saddle":1,"minecraft:glow_berries":1,"minecraft:mutton":30,"minecraft:white_wool":19,"minecraft:oxeye_daisy":29,"minecraft:glow_ink_sac":2,"minecraft:leather":24,"solarcraft:solar_stone_collumn":1,"minecraft:oak_log":130,"illagerrevolutionmod:scrounger_feather":8,"minecraft:gunpowder":2,"minecraft:white_banner":4,"minecraft:red_carpet":54,"minecraft:apple":4,"minecraft:iron_ingot":3,"minecraft:glass_bottle":12,"minecraft:iron_sword":1,"minecraft:flowering_azalea":1,"minecraft:book":54,"toughasnails:leaf_chestplate":1,"minecraft:oak_slab":5,"minecraft:smooth_basalt":1,"minecraft:stone_brick_slab":1,"minecraft:dandelion":21,"minecraft:gravel":63,"goblins_tyranny:goblins_tyranny_guide":1,"minecraft:blast_furnace":2,"minecraft:white_bed":9,"minecraft:spider_eye":4,"solarcraft:solar_rune_ultima":2,"goblins_tyranny:mushroom_pad":1,"minecraft:slime_ball":7,"goblins_tyranny:coin":2,"solarcraft:void_dust":30,"minecraft:iron_helmet":2,"vanillaplustools:stone_hammer":1,"minecraft:gray_wool":2,"minecraft:black_wool":2,"minecraft:coal":484,"minecraft:sunflower":2},"minecraft:broken":{"toughasnails:leaf_boots":1,"toughasnails:leaf_chestplate":1,"minecraft:iron_sword":1,"toughasnails:leaf_leggings":1,"toughasnails:water_canteen":8,"minecraft:leather_boots":1},"minecraft:killed_by":{"minecraft:creeper":2,"minecraft:pillager":1,"minecraft:ravager":1,"illagerrevolutionmod:illager_beast_tamer":1,"medieval_craft_weapons:archer":2,"illagerrevolutionmod:scrounger":1,"minecraft:cave_spider":3,"medieval_craft_weapons:soldier":1,"minecraft:slime":1},"minecraft:custom":{"minecraft:interact_with_crafting_table":67,"minecraft:open_barrel":7,"minecraft:leave_game":10,"minecraft:time_since_death":17644,"minecraft:sprint_one_cm":864897,"minecraft:damage_blocked_by_shield":1635,"minecraft:drop":160,"minecraft:talked_to_villager":2,"minecraft:play_time":339710,"minecraft:deaths":26,"minecraft:jump":6121,"minecraft:walk_on_water_one_cm":46413,"minecraft:interact_with_furnace":78,"minecraft:sleep_in_bed":18,"minecraft:damage_dealt":29443,"minecraft:crouch_one_cm":24341,"minecraft:interact_with_smoker":12,"minecraft:use_cauldron":1,"minecraft:mob_kills":188,"minecraft:fill_cauldron":1,"minecraft:climb_one_cm":10289,"minecraft:opened_chance_cube":38,"minecraft:walk_one_cm":464240,"minecraft:raid_win":1,"minecraft:sneak_time":11906,"minecraft:walk_under_water_one_cm":20724,"minecraft:interact_with_blast_furnace":8,"minecraft:total_world_time":339710,"minecraft:raid_trigger":1,"minecraft:time_since_rest":17664,"minecraft:damage_taken":7655,"minecraft:swim_one_cm":100150,"minecraft:fly_one_cm":1836090,"minecraft:open_chest":159,"minecraft:fall_one_cm":142268},"minecraft:used":{"minecraft:chest":3,"minecraft:shield":38,"minecraft:iron_sword":254,"medieval_craft_weapons:mighty_stick":7,"minecraft:player_head":1,"minecraft:rotten_flesh":3,"minecraft:iron_chestplate":2,"minecraft:mutton":5,"resource_cracker:garlic":6,"minecraft:obsidian":16,"chancecubes:chance_cube":12,"minecraft:iron_helmet":2,"solarcraft:solar_stone_collumn":1,"solarcraft:chiseled_solar_stone":1,"betterskills:wateringcan":59,"minecraft:furnace":11,"minecraft:pink_concrete_powder":1,"goblins_tyranny:goblins_tyranny_guide":1,"minecraft:oak_planks":25,"minecraft:stone_pickaxe":91,"minecraft:wooden_pickaxe":4,"minecraft:sandstone":63,"minecraft:diamond_axe":208,"toughasnails:water_canteen":60,"minecraft:oak_leaves":2,"minecraft:white_wool":1,"minecraft:glow_berries":1,"solarcraft:runic_table":1,"minecraft:blast_furnace":1,"minecraft:shears":59,"easy_villagers:villager":2,"minecraft:air":6,"minecraft:experience_bottle":4,"ironchest:wood_to_iron_chest_upgrade":1,"minecraft:enchanting_table":1,"minecraft:stone_sword":98,"minecraft:flint_and_steel":15,"toughasnails:water_purifier":2,"medieval_craft_weapons:sword_1":20,"vanillaplustools:stone_hammer":25,"minecraft:cooked_salmon":3,"minecraft:stone_hoe":6,"minecraft:netherrack":4,"minecraft:torch":188,"minecraft:dirt":31,"toughasnails:empty_canteen":8,"minecraft:diamond_helmet":1,"minecraft:cod_bucket":1,"minecraft:granite":9,"minecraft:stone_brick_slab":1,"minecraft:flowering_azalea":1,"minecraft:iron_axe":98,"minecraft:rooted_dirt":76,"minecraft:iron_boots":1,"minecraft:smooth_basalt":1,"minecraft:beef":3,"illagerrevolutionmod:junk_axe":5,"minecraft:cooked_beef":31,"minecraft:cobbled_deepslate":141,"solarcraft:runic_tree_sapling":2,"minecraft:iron_leggings":1,"minecraft:cooked_mutton":25,"minecraft:water_bucket":41,"minecraft:birch_planks":24,"minecraft:glass_bottle":43,"minecraft:cauldron":1,"minecraft:leather_boots":1,"minecraft:oak_slab":11,"minecraft:crafting_table":13,"toughasnails:rain_collector":1,"minecraft:white_bed":10,"goblins_tyranny:coin":1,"minecraft:smoker":1,"minecraft:oak_log":1,"minecraft:diamond_pickaxe":1224,"minecraft:cornflower":1,"minecraft:apple":1,"minecraft:oak_button":1,"minecraft:iron_pickaxe":13,"toughasnails:leaf_chestplate":1,"minecraft:stone_axe":28,"minecraft:pink_petals":4,"minecraft:cobblestone":72,"minecraft:potion":42,"toughasnails:purified_water_bottle":5,"minecraft:porkchop":3,"minecraft:white_banner":1,"minecraft:cooked_porkchop":6,"minecraft:bucket":44,"minecraft:dandelion":2,"minecraft:gray_wool":2},"minecraft:killed":{"illagerrevolutionmod:illager_scavenger":3,"minecraft:cave_spider":6,"minecraft:witch":2,"minecraft:spider":6,"medieval_craft_weapons:knight":1,"goblins_tyranny:merchant":1,"minecraft:skeleton":22,"medieval_craft_weapons:soldier":1,"minecraft:chicken":1,"minecraft:silverfish":10,"minecraft:pig":5,"minecraft:zombie_villager":2,"solarcraft:solar_master_villager":1,"minecraft:creeper":2,"mowziesmobs:lantern":1,"illagerrevolutionmod:scrounger":4,"minecraft:sheep":22,"friendsandfoes:crab":1,"minecraft:pillager":13,"minecraft:goat":2,"minecraft:donkey":1,"minecraft:zombie":21,"illagerrevolutionmod:raker":1,"medieval_craft_weapons:heavyknight":2,"minecraft:cow":9,"minecraft:blaze":2,"minecraft:vindicator":3,"medieval_craft_weapons:archer":2,"minecraft:slime":15,"minecraft:horse":2,"friendsandfoes:mauler":3,"goblins_tyranny:wanderer_goblin":1,"minecraft:ravager":1,"friendsandfoes:moobloom":15}},"DataVersion":3465}